{"cameraMode":{"drawMode":0,"name":"Shaded","section":"Shading Mode"},"sceneLighting":true,"audioPlay":false,"sceneViewState":{"showFog":true,"showMaterialUpdate":false,"showSkybox":true,"showFlares":true,"showImageEffects":true,"showParticleSystems":true},"in2DMode":false,"pivot":{"x":-1.8399085998535157,"y":-1.6291239261627198,"z":3.710514783859253},"rotation":{"x":-0.3599301278591156,"y":0.47248342633247378,"z":-0.21973687410354615,"w":-0.7739425301551819},"size":2.532818078994751,"orthographic":false}