{"cameraMode":{"drawMode":0,"name":"Shaded","section":"Shading Mode"},"sceneLighting":false,"audioPlay":false,"sceneViewState":{"showFog":true,"showMaterialUpdate":false,"showSkybox":false,"showFlares":true,"showImageEffects":true,"showParticleSystems":true},"in2DMode":false,"pivot":{"x":-9.467013359069825,"y":19.066452026367189,"z":-10.969962120056153},"rotation":{"x":0.36883631348609927,"y":0.12352795153856278,"z":-0.049578260630369189,"w":0.9199538826942444},"size":0.32978755235671999,"orthographic":false}