{"cameraMode":{"drawMode":0,"name":"Shaded","section":"Shading Mode"},"sceneLighting":false,"audioPlay":false,"sceneViewState":{"showFog":true,"showMaterialUpdate":false,"showSkybox":false,"showFlares":true,"showImageEffects":true,"showParticleSystems":true},"in2DMode":false,"pivot":{"x":-24.693618774414064,"y":-47.66331481933594,"z":52.67565155029297},"rotation":{"x":0.3502318263053894,"y":-0.19871556758880616,"z":0.07629773020744324,"w":0.9121595025062561},"size":94.18870544433594,"orthographic":false}